config_name,summac_mean,summac_median,summac_std,summac_min,summac_max,method
no_entity,0.5383031866895439,0.540181774695049,0.09528444056466312,0.07116104868913857,0.7935483870967742,fallback
