config_name,summac_mean,summac_median,summac_std,summac_min,summac_max,method
full_revisions_2,0.9181514688763752,0.9345188140869141,0.0739920173546219,0.3574450612068176,0.9990237951278687,SummaCConv_vitc
