Test,Mean 1,Mean 2,Statistic,P-Value
Test 1: Full (Tmax=1) vs Base - SummaCConv,0.7327060485221296,0.7146230991106914,26687.0,4.494409739093251e-28
Test 2: Full (Tmax=1) vs Base - BARTScore s->d,-4.019423647099231,-4.038492102699586,50753.0,0.0004007975661615597
Test 3: Tmax=2 vs Tmax=1 - SummaCConv,0.9181514688763752,0.7327060485221296,894.0,5.683224664793282e-81
Test 4: Tmax=2 vs Tmax=1 - BARTScore s->d,-6.5849091403455615,-4.019423647099231,0.0,2.682749320494914e-83
Test 5: no_entity vs Base - SummaCConv,0.7121289064845886,0.7146230991106914,43895.0,2.9096882932661178e-05
Test 6: Full vs no_nli - BARTScore s->d,-4.019423647099231,-4.02737209452204,67594.0,0.037140935958525266
