config_name,summac_mean,summac_median,summac_std,summac_min,summac_max,method
full_revisions_2,0.5653039252789924,0.5629780724120347,0.09931291233116128,0.10555555555555556,0.8578811369509044,fallback
