config_name,alignscore_mean,alignscore_median,alignscore_std,alignscore_min,alignscore_max,method
base,0.8275689595754947,0.8387264013290405,0.09441434710298867,0.0004343668988440186,0.9963818192481995,AlignScore-large
